SA3_CODE_2016,SA3_NAME_2016,SA4_CODE_2016,SA4_NAME_2016,GCCSA_CODE_2016,GCCSA_NAME_2016,STATE_CODE_2016,STATE_NAME_2016,AREA_ALBERS_SQKM
10102,Queanbeyan,101,Capital Region,1RNSW,Rest of NSW,1,New South Wales,6511.1906
10103,Snowy Mountains,101,Capital Region,1RNSW,Rest of NSW,1,New South Wales,14283.4221
10104,South Coast,101,Capital Region,1RNSW,Rest of NSW,1,New South Wales,9864.868
10105,Goulburn - Mulwaree,101,Capital Region,1RNSW,Rest of NSW,1,New South Wales,9099.9086
10106,Young - Yass,101,Capital Region,1RNSW,Rest of NSW,1,New South Wales,12136.1738
10201,Gosford,102,Central Coast,1GSYD,Greater Sydney,1,New South Wales,988.4263
10202,Wyong,102,Central Coast,1GSYD,Greater Sydney,1,New South Wales,692.6461
10301,Bathurst,103,Central West,1RNSW,Rest of NSW,1,New South Wales,6984.183
10302,Lachlan Valley,103,Central West,1RNSW,Rest of NSW,1,New South Wales,41000.7206
10303,Lithgow - Mudgee,103,Central West,1RNSW,Rest of NSW,1,New South Wales,16044.6246
10304,Orange,103,Central West,1RNSW,Rest of NSW,1,New South Wales,6267.5322
10401,Clarence Valley,104,Coffs Harbour - Grafton,1RNSW,Rest of NSW,1,New South Wales,9263.1939
10402,Coffs Harbour,104,Coffs Harbour - Grafton,1RNSW,Rest of NSW,1,New South Wales,3966.5639
10501,Bourke - Cobar - Coonamble,105,Far West and Orana,1RNSW,Rest of NSW,1,New South Wales,162765.126
10502,Broken Hill and Far West,105,Far West and Orana,1RNSW,Rest of NSW,1,New South Wales,146860.1758
10503,Dubbo,105,Far West and Orana,1RNSW,Rest of NSW,1,New South Wales,29738.3907
10601,Lower Hunter,106,Hunter Valley exc Newcastle,1RNSW,Rest of NSW,1,New South Wales,8566.7809
10602,Maitland,106,Hunter Valley exc Newcastle,1RNSW,Rest of NSW,1,New South Wales,380.1168
10603,Port Stephens,106,Hunter Valley exc Newcastle,1RNSW,Rest of NSW,1,New South Wales,1071.9768
10604,Upper Hunter,106,Hunter Valley exc Newcastle,1RNSW,Rest of NSW,1,New South Wales,11472.417
10701,Dapto - Port Kembla,107,Illawarra,1RNSW,Rest of NSW,1,New South Wales,163.6962
10702,Illawarra Catchment Reserve,107,Illawarra,1RNSW,Rest of NSW,1,New South Wales,744.3423
10703,Kiama - Shellharbour,107,Illawarra,1RNSW,Rest of NSW,1,New South Wales,390.7983
10704,Wollongong,107,Illawarra,1RNSW,Rest of NSW,1,New South Wales,240.0822
10801,Great Lakes,108,Mid North Coast,1RNSW,Rest of NSW,1,New South Wales,3133.0446
10802,Kempsey - Nambucca,108,Mid North Coast,1RNSW,Rest of NSW,1,New South Wales,5339.3249
10803,Lord Howe Island,108,Mid North Coast,1RNSW,Rest of NSW,1,New South Wales,16.2918
10804,Port Macquarie,108,Mid North Coast,1RNSW,Rest of NSW,1,New South Wales,3687.77
10805,Taree - Gloucester,108,Mid North Coast,1RNSW,Rest of NSW,1,New South Wales,6675.0682
10901,Albury,109,Murray,1RNSW,Rest of NSW,1,New South Wales,5597.4849
10902,Lower Murray,109,Murray,1RNSW,Rest of NSW,1,New South Wales,63968.2369
10903,Upper Murray exc. Albury,109,Murray,1RNSW,Rest of NSW,1,New South Wales,28231.9536
11001,Armidale,110,New England and North West,1RNSW,Rest of NSW,1,New South Wales,16395.6492
11002,Inverell - Tenterfield,110,New England and North West,1RNSW,Rest of NSW,1,New South Wales,30568.6383
11003,Moree - Narrabri,110,New England and North West,1RNSW,Rest of NSW,1,New South Wales,32026.5412
11004,Tamworth - Gunnedah,110,New England and North West,1RNSW,Rest of NSW,1,New South Wales,20155.0876
11101,Lake Macquarie - East,111,Newcastle and Lake Macquarie,1RNSW,Rest of NSW,1,New South Wales,138.0858
11102,Lake Macquarie - West,111,Newcastle and Lake Macquarie,1RNSW,Rest of NSW,1,New South Wales,507.6329
11103,Newcastle,111,Newcastle and Lake Macquarie,1RNSW,Rest of NSW,1,New South Wales,224.8933
11201,Richmond Valley - Coastal,112,Richmond - Tweed,1RNSW,Rest of NSW,1,New South Wales,1572.8877
11202,Richmond Valley - Hinterland,112,Richmond - Tweed,1RNSW,Rest of NSW,1,New South Wales,7390.5986
11203,Tweed Valley,112,Richmond - Tweed,1RNSW,Rest of NSW,1,New South Wales,1307.6562
11301,Griffith - Murrumbidgee (West),113,Riverina,1RNSW,Rest of NSW,1,New South Wales,28859.6885
11302,Tumut - Tumbarumba,113,Riverina,1RNSW,Rest of NSW,1,New South Wales,9174.7645
11303,Wagga Wagga,113,Riverina,1RNSW,Rest of NSW,1,New South Wales,18950.5659
11401,Shoalhaven,114,Southern Highlands and Shoalhaven,1RNSW,Rest of NSW,1,New South Wales,4374.4257
11402,Southern Highlands,114,Southern Highlands and Shoalhaven,1RNSW,Rest of NSW,1,New South Wales,2330.0144
11501,Baulkham Hills,115,Sydney - Baulkham Hills and Hawkesbury,1GSYD,Greater Sydney,1,New South Wales,72.0257
11502,Dural - Wisemans Ferry,115,Sydney - Baulkham Hills and Hawkesbury,1GSYD,Greater Sydney,1,New South Wales,569.2386
11503,Hawkesbury,115,Sydney - Baulkham Hills and Hawkesbury,1GSYD,Greater Sydney,1,New South Wales,2492.0101
11504,Rouse Hill - McGraths Hill,115,Sydney - Baulkham Hills and Hawkesbury,1GSYD,Greater Sydney,1,New South Wales,118.2241
11601,Blacktown,116,Sydney - Blacktown,1GSYD,Greater Sydney,1,New South Wales,56.3066
11602,Blacktown - North,116,Sydney - Blacktown,1GSYD,Greater Sydney,1,New South Wales,103.0669
11603,Mount Druitt,116,Sydney - Blacktown,1GSYD,Greater Sydney,1,New South Wales,82.7116
11701,Botany,117,Sydney - City and Inner South,1GSYD,Greater Sydney,1,New South Wales,27.7978
11702,Marrickville - Sydenham - Petersham,117,Sydney - City and Inner South,1GSYD,Greater Sydney,1,New South Wales,12.6699
11703,Sydney Inner City,117,Sydney - City and Inner South,1GSYD,Greater Sydney,1,New South Wales,25.0641
11801,Eastern Suburbs - North,118,Sydney - Eastern Suburbs,1GSYD,Greater Sydney,1,New South Wales,26.1849
11802,Eastern Suburbs - South,118,Sydney - Eastern Suburbs,1GSYD,Greater Sydney,1,New South Wales,31.5481
11901,Bankstown,119,Sydney - Inner South West,1GSYD,Greater Sydney,1,New South Wales,68.6674
11902,Canterbury,119,Sydney - Inner South West,1GSYD,Greater Sydney,1,New South Wales,29.9646
11903,Hurstville,119,Sydney - Inner South West,1GSYD,Greater Sydney,1,New South Wales,33.9553
11904,Kogarah - Rockdale,119,Sydney - Inner South West,1GSYD,Greater Sydney,1,New South Wales,31.3479
12001,Canada Bay,120,Sydney - Inner West,1GSYD,Greater Sydney,1,New South Wales,19.7471
12002,Leichhardt,120,Sydney - Inner West,1GSYD,Greater Sydney,1,New South Wales,10.6577
12003,Strathfield - Burwood - Ashfield,120,Sydney - Inner West,1GSYD,Greater Sydney,1,New South Wales,34.1433
12101,Chatswood - Lane Cove,121,Sydney - North Sydney and Hornsby,1GSYD,Greater Sydney,1,New South Wales,33.1739
12102,Hornsby,121,Sydney - North Sydney and Hornsby,1GSYD,Greater Sydney,1,New South Wales,137.3989
12103,Ku-ring-gai,121,Sydney - North Sydney and Hornsby,1GSYD,Greater Sydney,1,New South Wales,85.5466
12104,North Sydney - Mosman,121,Sydney - North Sydney and Hornsby,1GSYD,Greater Sydney,1,New South Wales,18.9756
12201,Manly,122,Sydney - Northern Beaches,1GSYD,Greater Sydney,1,New South Wales,14.3455
12202,Pittwater,122,Sydney - Northern Beaches,1GSYD,Greater Sydney,1,New South Wales,90.6495
12203,Warringah,122,Sydney - Northern Beaches,1GSYD,Greater Sydney,1,New South Wales,149.2124
12301,Camden,123,Sydney - Outer South West,1GSYD,Greater Sydney,1,New South Wales,73.8688
12302,Campbelltown (NSW),123,Sydney - Outer South West,1GSYD,Greater Sydney,1,New South Wales,334.2221
12303,Wollondilly,123,Sydney - Outer South West,1GSYD,Greater Sydney,1,New South Wales,870.3604
12401,Blue Mountains,124,Sydney - Outer West and Blue Mountains,1GSYD,Greater Sydney,1,New South Wales,942.4079
12402,Blue Mountains - South,124,Sydney - Outer West and Blue Mountains,1GSYD,Greater Sydney,1,New South Wales,2456.9093
12403,Penrith,124,Sydney - Outer West and Blue Mountains,1GSYD,Greater Sydney,1,New South Wales,356.8585
12404,Richmond - Windsor,124,Sydney - Outer West and Blue Mountains,1GSYD,Greater Sydney,1,New South Wales,178.8387
12405,St Marys,124,Sydney - Outer West and Blue Mountains,1GSYD,Greater Sydney,1,New South Wales,33.1146
12501,Auburn,125,Sydney - Parramatta,1GSYD,Greater Sydney,1,New South Wales,33.0601
12502,Carlingford,125,Sydney - Parramatta,1GSYD,Greater Sydney,1,New South Wales,25.6874
12503,Merrylands - Guildford,125,Sydney - Parramatta,1GSYD,Greater Sydney,1,New South Wales,55.7969
12504,Parramatta,125,Sydney - Parramatta,1GSYD,Greater Sydney,1,New South Wales,47.0914
12601,Pennant Hills - Epping,126,Sydney - Ryde,1GSYD,Greater Sydney,1,New South Wales,22.1743
12602,Ryde - Hunters Hill,126,Sydney - Ryde,1GSYD,Greater Sydney,1,New South Wales,47.1626
12701,Bringelly - Green Valley,127,Sydney - South West,1GSYD,Greater Sydney,1,New South Wales,291.4688
12702,Fairfield,127,Sydney - South West,1GSYD,Greater Sydney,1,New South Wales,123.7701
12703,Liverpool,127,Sydney - South West,1GSYD,Greater Sydney,1,New South Wales,123.8297
12801,Cronulla - Miranda - Caringbah,128,Sydney - Sutherland,1GSYD,Greater Sydney,1,New South Wales,55.6181
12802,Sutherland - Menai - Heathcote,128,Sydney - Sutherland,1GSYD,Greater Sydney,1,New South Wales,240.2471
19797,Migratory - Offshore - Shipping (NSW),197,Migratory - Offshore - Shipping (NSW),19799,Migratory - Offshore - Shipping (NSW),1,New South Wales,0
19999,No usual address (NSW),199,No usual address (NSW),19499,No usual address (NSW),1,New South Wales,0
20101,Ballarat,201,Ballarat,2RVIC,Rest of Vic.,2,Victoria,448.3487
20102,Creswick - Daylesford - Ballan,201,Ballarat,2RVIC,Rest of Vic.,2,Victoria,3666.673
20103,Maryborough - Pyrenees,201,Ballarat,2RVIC,Rest of Vic.,2,Victoria,6172.4542
20201,Bendigo,202,Bendigo,2RVIC,Rest of Vic.,2,Victoria,287.4438
20202,Heathcote - Castlemaine - Kyneton,202,Bendigo,2RVIC,Rest of Vic.,2,Victoria,3920.9382
20203,Loddon - Elmore,202,Bendigo,2RVIC,Rest of Vic.,2,Victoria,7633.5242
20301,Barwon - West,203,Geelong,2RVIC,Rest of Vic.,2,Victoria,2579.8385
20302,Geelong,203,Geelong,2RVIC,Rest of Vic.,2,Victoria,918.8917
20303,Surf Coast - Bellarine Peninsula,203,Geelong,2RVIC,Rest of Vic.,2,Victoria,929.9691
20401,Upper Goulburn Valley,204,Hume,2RVIC,Rest of Vic.,2,Victoria,13959.3182
20402,Wangaratta - Benalla,204,Hume,2RVIC,Rest of Vic.,2,Victoria,6545.0857
20403,Wodonga - Alpine,204,Hume,2RVIC,Rest of Vic.,2,Victoria,13501.1315
20501,Baw Baw,205,Latrobe - Gippsland,2RVIC,Rest of Vic.,2,Victoria,3933.8416
20502,Gippsland - East,205,Latrobe - Gippsland,2RVIC,Rest of Vic.,2,Victoria,21713.8498
20503,Gippsland - South West,205,Latrobe - Gippsland,2RVIC,Rest of Vic.,2,Victoria,4381.6191
20504,Latrobe Valley,205,Latrobe - Gippsland,2RVIC,Rest of Vic.,2,Victoria,1479.6674
20505,Wellington,205,Latrobe - Gippsland,2RVIC,Rest of Vic.,2,Victoria,10044.7738
20601,Brunswick - Coburg,206,Melbourne - Inner,2GMEL,Greater Melbourne,2,Victoria,20.4133
20602,Darebin - South,206,Melbourne - Inner,2GMEL,Greater Melbourne,2,Victoria,14.0275
20603,Essendon,206,Melbourne - Inner,2GMEL,Greater Melbourne,2,Victoria,18.215
20604,Melbourne City,206,Melbourne - Inner,2GMEL,Greater Melbourne,2,Victoria,31.4622
20605,Port Phillip,206,Melbourne - Inner,2GMEL,Greater Melbourne,2,Victoria,25.6958
20606,Stonnington - West,206,Melbourne - Inner,2GMEL,Greater Melbourne,2,Victoria,11.9294
20607,Yarra,206,Melbourne - Inner,2GMEL,Greater Melbourne,2,Victoria,20.6163
20701,Boroondara,207,Melbourne - Inner East,2GMEL,Greater Melbourne,2,Victoria,60.0157
20702,Manningham - West,207,Melbourne - Inner East,2GMEL,Greater Melbourne,2,Victoria,48.6724
20703,Whitehorse - West,207,Melbourne - Inner East,2GMEL,Greater Melbourne,2,Victoria,38.0551
20801,Bayside,208,Melbourne - Inner South,2GMEL,Greater Melbourne,2,Victoria,37.2111
20802,Glen Eira,208,Melbourne - Inner South,2GMEL,Greater Melbourne,2,Victoria,40.7002
20803,Kingston,208,Melbourne - Inner South,2GMEL,Greater Melbourne,2,Victoria,69.8633
20804,Stonnington - East,208,Melbourne - Inner South,2GMEL,Greater Melbourne,2,Victoria,13.722
20901,Banyule,209,Melbourne - North East,2GMEL,Greater Melbourne,2,Victoria,62.6133
20902,Darebin - North,209,Melbourne - North East,2GMEL,Greater Melbourne,2,Victoria,39.4436
20903,Nillumbik - Kinglake,209,Melbourne - North East,2GMEL,Greater Melbourne,2,Victoria,751.7682
20904,Whittlesea - Wallan,209,Melbourne - North East,2GMEL,Greater Melbourne,2,Victoria,997.4394
21001,Keilor,210,Melbourne - North West,2GMEL,Greater Melbourne,2,Victoria,42.425
21002,Macedon Ranges,210,Melbourne - North West,2GMEL,Greater Melbourne,2,Victoria,992.107
21003,Moreland - North,210,Melbourne - North West,2GMEL,Greater Melbourne,2,Victoria,30.3779
21004,Sunbury,210,Melbourne - North West,2GMEL,Greater Melbourne,2,Victoria,260.6847
21005,Tullamarine - Broadmeadows,210,Melbourne - North West,2GMEL,Greater Melbourne,2,Victoria,294.0954
21101,Knox,211,Melbourne - Outer East,2GMEL,Greater Melbourne,2,Victoria,118.3019
21102,Manningham - East,211,Melbourne - Outer East,2GMEL,Greater Melbourne,2,Victoria,66.5619
21103,Maroondah,211,Melbourne - Outer East,2GMEL,Greater Melbourne,2,Victoria,61.1872
21104,Whitehorse - East,211,Melbourne - Outer East,2GMEL,Greater Melbourne,2,Victoria,26.5696
21105,Yarra Ranges,211,Melbourne - Outer East,2GMEL,Greater Melbourne,2,Victoria,1605.937
21201,Cardinia,212,Melbourne - South East,2GMEL,Greater Melbourne,2,Victoria,1282.327
21202,Casey - North,212,Melbourne - South East,2GMEL,Greater Melbourne,2,Victoria,116.503
21203,Casey - South,212,Melbourne - South East,2GMEL,Greater Melbourne,2,Victoria,292.9259
21204,Dandenong,212,Melbourne - South East,2GMEL,Greater Melbourne,2,Victoria,151.0513
21205,Monash,212,Melbourne - South East,2GMEL,Greater Melbourne,2,Victoria,79.4733
21301,Brimbank,213,Melbourne - West,2GMEL,Greater Melbourne,2,Victoria,106.8497
21302,Hobsons Bay,213,Melbourne - West,2GMEL,Greater Melbourne,2,Victoria,62.2158
21303,Maribyrnong,213,Melbourne - West,2GMEL,Greater Melbourne,2,Victoria,31.2254
21304,Melton - Bacchus Marsh,213,Melbourne - West,2GMEL,Greater Melbourne,2,Victoria,671.9436
21305,Wyndham,213,Melbourne - West,2GMEL,Greater Melbourne,2,Victoria,544.1195
21401,Frankston,214,Mornington Peninsula,2GMEL,Greater Melbourne,2,Victoria,129.598
21402,Mornington Peninsula,214,Mornington Peninsula,2GMEL,Greater Melbourne,2,Victoria,724.1679
21501,Grampians,215,North West,2RVIC,Rest of Vic.,2,Victoria,38139.2062
21502,Mildura,215,North West,2RVIC,Rest of Vic.,2,Victoria,22082.4836
21503,Murray River - Swan Hill,215,North West,2RVIC,Rest of Vic.,2,Victoria,17851.0467
21601,Campaspe,216,Shepparton,2RVIC,Rest of Vic.,2,Victoria,4554.5687
21602,Moira,216,Shepparton,2RVIC,Rest of Vic.,2,Victoria,4046.3738
21603,Shepparton,216,Shepparton,2RVIC,Rest of Vic.,2,Victoria,2333.1626
21701,Glenelg - Southern Grampians,217,Warrnambool and South West,2RVIC,Rest of Vic.,2,Victoria,12946.1764
21703,Colac - Corangamite,217,Warrnambool and South West,2RVIC,Rest of Vic.,2,Victoria,7936.5548
21704,Warrnambool,217,Warrnambool and South West,2RVIC,Rest of Vic.,2,Victoria,5496.1773
29797,Migratory - Offshore - Shipping (Vic.),297,Migratory - Offshore - Shipping (Vic.),29799,Migratory - Offshore - Shipping (Vic.),2,Victoria,0
29999,No usual address (Vic.),299,No usual address (Vic.),29499,No usual address (Vic.),2,Victoria,0
30101,Capalaba,301,Brisbane - East,3GBRI,Greater Brisbane,3,Queensland,89.2959
30102,Cleveland - Stradbroke,301,Brisbane - East,3GBRI,Greater Brisbane,3,Queensland,480.9783
30103,Wynnum - Manly,301,Brisbane - East,3GBRI,Greater Brisbane,3,Queensland,82.8584
30201,Bald Hills - Everton Park,302,Brisbane - North,3GBRI,Greater Brisbane,3,Queensland,35.9309
30202,Chermside,302,Brisbane - North,3GBRI,Greater Brisbane,3,Queensland,32.2389
30203,Nundah,302,Brisbane - North,3GBRI,Greater Brisbane,3,Queensland,87.0319
30204,Sandgate,302,Brisbane - North,3GBRI,Greater Brisbane,3,Queensland,31.7473
30301,Carindale,303,Brisbane - South,3GBRI,Greater Brisbane,3,Queensland,26.5108
30302,Holland Park - Yeronga,303,Brisbane - South,3GBRI,Greater Brisbane,3,Queensland,27.565
30303,Mt Gravatt,303,Brisbane - South,3GBRI,Greater Brisbane,3,Queensland,79.3868
30304,Nathan,303,Brisbane - South,3GBRI,Greater Brisbane,3,Queensland,24.4776
30305,Rocklea - Acacia Ridge,303,Brisbane - South,3GBRI,Greater Brisbane,3,Queensland,85.2444
30306,Sunnybank,303,Brisbane - South,3GBRI,Greater Brisbane,3,Queensland,22.16
30401,Centenary,304,Brisbane - West,3GBRI,Greater Brisbane,3,Queensland,16.9755
30402,Kenmore - Brookfield - Moggill,304,Brisbane - West,3GBRI,Greater Brisbane,3,Queensland,134.6112
30403,Sherwood - Indooroopilly,304,Brisbane - West,3GBRI,Greater Brisbane,3,Queensland,21.2964
30404,The Gap - Enoggera,304,Brisbane - West,3GBRI,Greater Brisbane,3,Queensland,96.768
30501,Brisbane Inner,305,Brisbane Inner City,3GBRI,Greater Brisbane,3,Queensland,13.5589
30502,Brisbane Inner - East,305,Brisbane Inner City,3GBRI,Greater Brisbane,3,Queensland,15.5989
30503,Brisbane Inner - North,305,Brisbane Inner City,3GBRI,Greater Brisbane,3,Queensland,30.9461
30504,Brisbane Inner - West,305,Brisbane Inner City,3GBRI,Greater Brisbane,3,Queensland,21.6355
30601,Cairns - North,306,Cairns,3RQLD,Rest of Qld,3,Queensland,160.3157
30602,Cairns - South,306,Cairns,3RQLD,Rest of Qld,3,Queensland,633.4659
30603,Innisfail - Cassowary Coast,306,Cairns,3RQLD,Rest of Qld,3,Queensland,5995.1825
30604,Port Douglas - Daintree,306,Cairns,3RQLD,Rest of Qld,3,Queensland,2421.0913
30605,Tablelands (East) - Kuranda,306,Cairns,3RQLD,Rest of Qld,3,Queensland,12127.9129
30701,Darling Downs (West) - Maranoa,307,Darling Downs - Maranoa,3RQLD,Rest of Qld,3,Queensland,141252.7846
30702,Darling Downs - East,307,Darling Downs - Maranoa,3RQLD,Rest of Qld,3,Queensland,16653.3007
30703,Granite Belt,307,Darling Downs - Maranoa,3RQLD,Rest of Qld,3,Queensland,8433.9715
30801,Central Highlands (Qld),308,Central Queensland,3RQLD,Rest of Qld,3,Queensland,60225.3937
30803,Rockhampton,308,Central Queensland,3RQLD,Rest of Qld,3,Queensland,18328.135
30804,Biloela,308,Central Queensland,3RQLD,Rest of Qld,3,Queensland,28550.1865
30805,Gladstone,308,Central Queensland,3RQLD,Rest of Qld,3,Queensland,10484.2862
30901,Broadbeach - Burleigh,309,Gold Coast,3RQLD,Rest of Qld,3,Queensland,33.6726
30902,Coolangatta,309,Gold Coast,3RQLD,Rest of Qld,3,Queensland,34.9725
30903,Gold Coast - North,309,Gold Coast,3RQLD,Rest of Qld,3,Queensland,40.6693
30904,Gold Coast Hinterland,309,Gold Coast,3RQLD,Rest of Qld,3,Queensland,827.9592
30905,Mudgeeraba - Tallebudgera,309,Gold Coast,3RQLD,Rest of Qld,3,Queensland,189.204
30906,Nerang,309,Gold Coast,3RQLD,Rest of Qld,3,Queensland,123.1533
30907,Ormeau - Oxenford,309,Gold Coast,3RQLD,Rest of Qld,3,Queensland,519.8616
30908,Robina,309,Gold Coast,3RQLD,Rest of Qld,3,Queensland,33.6325
30909,Southport,309,Gold Coast,3RQLD,Rest of Qld,3,Queensland,34.9594
30910,Surfers Paradise,309,Gold Coast,3RQLD,Rest of Qld,3,Queensland,19.801
31001,Forest Lake - Oxley,310,Ipswich,3GBRI,Greater Brisbane,3,Queensland,63.7142
31002,Ipswich Hinterland,310,Ipswich,3GBRI,Greater Brisbane,3,Queensland,6135.7833
31003,Ipswich Inner,310,Ipswich,3GBRI,Greater Brisbane,3,Queensland,378.0564
31004,Springfield - Redbank,310,Ipswich,3GBRI,Greater Brisbane,3,Queensland,103.593
31101,Beaudesert,311,Logan - Beaudesert,3GBRI,Greater Brisbane,3,Queensland,1628.0131
31102,Beenleigh,311,Logan - Beaudesert,3GBRI,Greater Brisbane,3,Queensland,60.1506
31103,Browns Plains,311,Logan - Beaudesert,3GBRI,Greater Brisbane,3,Queensland,169.579
31104,Jimboomba,311,Logan - Beaudesert,3GBRI,Greater Brisbane,3,Queensland,582.4324
31105,Loganlea - Carbrook,311,Logan - Beaudesert,3GBRI,Greater Brisbane,3,Queensland,88.7275
31106,Springwood - Kingston,311,Logan - Beaudesert,3GBRI,Greater Brisbane,3,Queensland,57.2427
31201,Bowen Basin - North,312,Mackay - Isaac - Whitsunday,3RQLD,Rest of Qld,3,Queensland,79852.782
31202,Mackay,312,Mackay - Isaac - Whitsunday,3RQLD,Rest of Qld,3,Queensland,7613.2964
31203,Whitsunday,312,Mackay - Isaac - Whitsunday,3RQLD,Rest of Qld,3,Queensland,2674.0276
31301,Bribie - Beachmere,313,Moreton Bay - North,3GBRI,Greater Brisbane,3,Queensland,255.4466
31302,Caboolture,313,Moreton Bay - North,3GBRI,Greater Brisbane,3,Queensland,314.7209
31303,Caboolture Hinterland,313,Moreton Bay - North,3GBRI,Greater Brisbane,3,Queensland,3388.2856
31304,Narangba - Burpengary,313,Moreton Bay - North,3GBRI,Greater Brisbane,3,Queensland,172.4136
31305,Redcliffe,313,Moreton Bay - North,3GBRI,Greater Brisbane,3,Queensland,213.5898
31401,The Hills District,314,Moreton Bay - South,3GBRI,Greater Brisbane,3,Queensland,668.6809
31402,North Lakes,314,Moreton Bay - South,3GBRI,Greater Brisbane,3,Queensland,66.3175
31403,Strathpine,314,Moreton Bay - South,3GBRI,Greater Brisbane,3,Queensland,38.3965
31501,Far North,315,Queensland - Outback,3RQLD,Rest of Qld,3,Queensland,250877.5904
31502,Outback - North,315,Queensland - Outback,3RQLD,Rest of Qld,3,Queensland,307082.1758
31503,Outback - South,315,Queensland - Outback,3RQLD,Rest of Qld,3,Queensland,625222.9542
31601,Buderim,316,Sunshine Coast,3RQLD,Rest of Qld,3,Queensland,76.3839
31602,Caloundra,316,Sunshine Coast,3RQLD,Rest of Qld,3,Queensland,113.1062
31603,Maroochy,316,Sunshine Coast,3RQLD,Rest of Qld,3,Queensland,70.3493
31605,Noosa,316,Sunshine Coast,3RQLD,Rest of Qld,3,Queensland,92.1032
31606,Sunshine Coast Hinterland,316,Sunshine Coast,3RQLD,Rest of Qld,3,Queensland,1568.0164
31607,Nambour,316,Sunshine Coast,3RQLD,Rest of Qld,3,Queensland,345.8864
31608,Noosa Hinterland,316,Sunshine Coast,3RQLD,Rest of Qld,3,Queensland,820.066
31701,Toowoomba,317,Toowoomba,3RQLD,Rest of Qld,3,Queensland,2258.7955
31801,Charters Towers - Ayr - Ingham,318,Townsville,3RQLD,Rest of Qld,3,Queensland,76209.8053
31802,Townsville,318,Townsville,3RQLD,Rest of Qld,3,Queensland,3826.2924
31901,Bundaberg,319,Wide Bay,3RQLD,Rest of Qld,3,Queensland,3786.0126
31902,Burnett,319,Wide Bay,3RQLD,Rest of Qld,3,Queensland,30736.8312
31903,Gympie - Cooloola,319,Wide Bay,3RQLD,Rest of Qld,3,Queensland,6975.2278
31904,Hervey Bay,319,Wide Bay,3RQLD,Rest of Qld,3,Queensland,251.5569
31905,Maryborough,319,Wide Bay,3RQLD,Rest of Qld,3,Queensland,6752.9516
39797,Migratory - Offshore - Shipping (Qld),397,Migratory - Offshore - Shipping (Qld),39799,Migratory - Offshore - Shipping (Qld),3,Queensland,0
39999,No usual address (Qld),399,No usual address (Qld),39499,No usual address (Qld),3,Queensland,0
40101,Adelaide City,401,Adelaide - Central and Hills,4GADE,Greater Adelaide,4,South Australia,15.5733
40102,Adelaide Hills,401,Adelaide - Central and Hills,4GADE,Greater Adelaide,4,South Australia,1388.1168
40103,Burnside,401,Adelaide - Central and Hills,4GADE,Greater Adelaide,4,South Australia,27.5183
40104,Campbelltown (SA),401,Adelaide - Central and Hills,4GADE,Greater Adelaide,4,South Australia,25.368
40105,Norwood - Payneham - St Peters,401,Adelaide - Central and Hills,4GADE,Greater Adelaide,4,South Australia,15.1036
40106,Prospect - Walkerville,401,Adelaide - Central and Hills,4GADE,Greater Adelaide,4,South Australia,11.3215
40107,Unley,401,Adelaide - Central and Hills,4GADE,Greater Adelaide,4,South Australia,14.2703
40201,Gawler - Two Wells,402,Adelaide - North,4GADE,Greater Adelaide,4,South Australia,306.865
40202,Playford,402,Adelaide - North,4GADE,Greater Adelaide,4,South Australia,356.8029
40203,Port Adelaide - East,402,Adelaide - North,4GADE,Greater Adelaide,4,South Australia,34.8399
40204,Salisbury,402,Adelaide - North,4GADE,Greater Adelaide,4,South Australia,150.1709
40205,Tea Tree Gully,402,Adelaide - North,4GADE,Greater Adelaide,4,South Australia,91.314
40301,Holdfast Bay,403,Adelaide - South,4GADE,Greater Adelaide,4,South Australia,13.14
40302,Marion,403,Adelaide - South,4GADE,Greater Adelaide,4,South Australia,56.1996
40303,Mitcham,403,Adelaide - South,4GADE,Greater Adelaide,4,South Australia,74.3702
40304,Onkaparinga,403,Adelaide - South,4GADE,Greater Adelaide,4,South Australia,519.3716
40401,Charles Sturt,404,Adelaide - West,4GADE,Greater Adelaide,4,South Australia,53.3186
40402,Port Adelaide - West,404,Adelaide - West,4GADE,Greater Adelaide,4,South Australia,67.7726
40403,West Torrens,404,Adelaide - West,4GADE,Greater Adelaide,4,South Australia,38.3988
40501,Barossa,405,Barossa - Yorke - Mid North,4RSAU,Rest of SA,4,South Australia,2837.1519
40502,Lower North,405,Barossa - Yorke - Mid North,4RSAU,Rest of SA,4,South Australia,13728.959
40503,Mid North,405,Barossa - Yorke - Mid North,4RSAU,Rest of SA,4,South Australia,14409.4798
40504,Yorke Peninsula,405,Barossa - Yorke - Mid North,4RSAU,Rest of SA,4,South Australia,6740.7625
40601,Eyre Peninsula and South West,406,South Australia - Outback,4RSAU,Rest of SA,4,South Australia,235305.4796
40602,Outback - North and East,406,South Australia - Outback,4RSAU,Rest of SA,4,South Australia,642510.5005
40701,Fleurieu - Kangaroo Island,407,South Australia - South East,4RSAU,Rest of SA,4,South Australia,7363.5796
40702,Limestone Coast,407,South Australia - South East,4RSAU,Rest of SA,4,South Australia,21337.0782
40703,Murray and Mallee,407,South Australia - South East,4RSAU,Rest of SA,4,South Australia,36782.081
49797,Migratory - Offshore - Shipping (SA),497,Migratory - Offshore - Shipping (SA),49799,Migratory - Offshore - Shipping (SA),4,South Australia,0
49999,No usual address (SA),499,No usual address (SA),49499,No usual address (SA),4,South Australia,0
50101,Augusta - Margaret River - Busselton,501,Bunbury,5RWAU,Rest of WA,5,Western Australia,3664.3228
50102,Bunbury,501,Bunbury,5RWAU,Rest of WA,5,Western Australia,5449.5135
50103,Manjimup,501,Bunbury,5RWAU,Rest of WA,5,Western Australia,15688.5752
50201,Mandurah,502,Mandurah,5GPER,Greater Perth,5,Western Australia,1032.8628
50301,Cottesloe - Claremont,503,Perth - Inner,5GPER,Greater Perth,5,Western Australia,48.7155
50302,Perth City,503,Perth - Inner,5GPER,Greater Perth,5,Western Australia,43.5243
50401,Bayswater - Bassendean,504,Perth - North East,5GPER,Greater Perth,5,Western Australia,44.6692
50402,Mundaring,504,Perth - North East,5GPER,Greater Perth,5,Western Australia,685.4312
50403,Swan,504,Perth - North East,5GPER,Greater Perth,5,Western Australia,1032.3312
50501,Joondalup,505,Perth - North West,5GPER,Greater Perth,5,Western Australia,100.4725
50502,Stirling,505,Perth - North West,5GPER,Greater Perth,5,Western Australia,99.326
50503,Wanneroo,505,Perth - North West,5GPER,Greater Perth,5,Western Australia,684.2007
50601,Armadale,506,Perth - South East,5GPER,Greater Perth,5,Western Australia,559.5261
50602,Belmont - Victoria Park,506,Perth - South East,5GPER,Greater Perth,5,Western Australia,60.1099
50603,Canning,506,Perth - South East,5GPER,Greater Perth,5,Western Australia,68.1881
50604,Gosnells,506,Perth - South East,5GPER,Greater Perth,5,Western Australia,127.2975
50605,Kalamunda,506,Perth - South East,5GPER,Greater Perth,5,Western Australia,283.8
50606,Serpentine - Jarrahdale,506,Perth - South East,5GPER,Greater Perth,5,Western Australia,904.7637
50607,South Perth,506,Perth - South East,5GPER,Greater Perth,5,Western Australia,20.307
50701,Cockburn,507,Perth - South West,5GPER,Greater Perth,5,Western Australia,148.2099
50702,Fremantle,507,Perth - South West,5GPER,Greater Perth,5,Western Australia,41.3304
50703,Kwinana,507,Perth - South West,5GPER,Greater Perth,5,Western Australia,120.0121
50704,Melville,507,Perth - South West,5GPER,Greater Perth,5,Western Australia,53.4538
50705,Rockingham,507,Perth - South West,5GPER,Greater Perth,5,Western Australia,257.6898
50901,Albany,509,Western Australia - Wheat Belt,5RWAU,Rest of WA,5,Western Australia,37887.9925
50902,Wheat Belt - North,509,Western Australia - Wheat Belt,5RWAU,Rest of WA,5,Western Australia,110694.5781
50903,Wheat Belt - South,509,Western Australia - Wheat Belt,5RWAU,Rest of WA,5,Western Australia,48762.806
51001,Kimberley,510,Western Australia - Outback (North),5RWAU,Rest of WA,5,Western Australia,419259.7904
51002,East Pilbara,510,Western Australia - Outback (North),5RWAU,Rest of WA,5,Western Australia,390723.7799
51003,West Pilbara,510,Western Australia - Outback (North),5RWAU,Rest of WA,5,Western Australia,116066.0891
51101,Esperance,511,Western Australia - Outback (South),5RWAU,Rest of WA,5,Western Australia,55660.6598
51102,Gascoyne,511,Western Australia - Outback (South),5RWAU,Rest of WA,5,Western Australia,135064.0785
51103,Goldfields,511,Western Australia - Outback (South),5RWAU,Rest of WA,5,Western Australia,714513.0765
51104,Mid West,511,Western Australia - Outback (South),5RWAU,Rest of WA,5,Western Australia,466794.7549
59797,Migratory - Offshore - Shipping (WA),597,Migratory - Offshore - Shipping (WA),59799,Migratory - Offshore - Shipping (WA),5,Western Australia,0
59999,No usual address (WA),599,No usual address (WA),59499,No usual address (WA),5,Western Australia,0
60101,Brighton,601,Hobart,6GHOB,Greater Hobart,6,Tasmania,176.0777
60102,Hobart - North East,601,Hobart,6GHOB,Greater Hobart,6,Tasmania,265.9415
60103,Hobart - North West,601,Hobart,6GHOB,Greater Hobart,6,Tasmania,168.2819
60104,Hobart - South and West,601,Hobart,6GHOB,Greater Hobart,6,Tasmania,328.5063
60105,Hobart Inner,601,Hobart,6GHOB,Greater Hobart,6,Tasmania,62.2246
60106,Sorell - Dodges Ferry,601,Hobart,6GHOB,Greater Hobart,6,Tasmania,694.3265
60201,Launceston,602,Launceston and North East,6RTAS,Rest of Tas.,6,Tasmania,260.7088
60202,Meander Valley - West Tamar,602,Launceston and North East,6RTAS,Rest of Tas.,6,Tasmania,3978.9606
60203,North East,602,Launceston and North East,6RTAS,Rest of Tas.,6,Tasmania,15735.6666
60301,Central Highlands (Tas.),603,South East,6RTAS,Rest of Tas.,6,Tasmania,18426.733
60302,Huon - Bruny Island,603,South East,6RTAS,Rest of Tas.,6,Tasmania,2192.675
60303,South East Coast,603,South East,6RTAS,Rest of Tas.,6,Tasmania,3202.6087
60401,Burnie - Ulverstone,604,West and North West,6RTAS,Rest of Tas.,6,Tasmania,1604.4734
60402,Devonport,604,West and North West,6RTAS,Rest of Tas.,6,Tasmania,1894.3583
60403,West Coast,604,West and North West,6RTAS,Rest of Tas.,6,Tasmania,19026.3178
69797,Migratory - Offshore - Shipping (Tas.),697,Migratory - Offshore - Shipping (Tas.),69799,Migratory - Offshore - Shipping (Tas.),6,Tasmania,0
69999,No usual address (Tas.),699,No usual address (Tas.),69499,No usual address (Tas.),6,Tasmania,0
70101,Darwin City,701,Darwin,7GDAR,Greater Darwin,7,Northern Territory,40.6174
70102,Darwin Suburbs,701,Darwin,7GDAR,Greater Darwin,7,Northern Territory,132.4416
70103,Litchfield,701,Darwin,7GDAR,Greater Darwin,7,Northern Territory,2938.3179
70104,Palmerston,701,Darwin,7GDAR,Greater Darwin,7,Northern Territory,52.5288
70201,Alice Springs,702,Northern Territory - Outback,7RNTE,Rest of NT,7,Northern Territory,569564.7295
70202,Barkly,702,Northern Territory - Outback,7RNTE,Rest of NT,7,Northern Territory,303213.9847
70203,Daly - Tiwi - West Arnhem,702,Northern Territory - Outback,7RNTE,Rest of NT,7,Northern Territory,112294.8534
70204,East Arnhem,702,Northern Territory - Outback,7RNTE,Rest of NT,7,Northern Territory,33606.5893
70205,Katherine,702,Northern Territory - Outback,7RNTE,Rest of NT,7,Northern Territory,326250.2655
79797,Migratory - Offshore - Shipping (NT),797,Migratory - Offshore - Shipping (NT),79799,Migratory - Offshore - Shipping (NT),7,Northern Territory,0
79999,No usual address (NT),799,No usual address (NT),79499,No usual address (NT),7,Northern Territory,0
80101,Belconnen,801,Australian Capital Territory,8ACTE,Australian Capital Territory,8,Australian Capital Territory,112.1467
80103,Canberra East,801,Australian Capital Territory,8ACTE,Australian Capital Territory,8,Australian Capital Territory,211.9214
80104,Gungahlin,801,Australian Capital Territory,8ACTE,Australian Capital Territory,8,Australian Capital Territory,91.8565
80105,North Canberra,801,Australian Capital Territory,8ACTE,Australian Capital Territory,8,Australian Capital Territory,44.7227
80106,South Canberra,801,Australian Capital Territory,8ACTE,Australian Capital Territory,8,Australian Capital Territory,44.4112
80107,Tuggeranong,801,Australian Capital Territory,8ACTE,Australian Capital Territory,8,Australian Capital Territory,159.7084
80108,Weston Creek,801,Australian Capital Territory,8ACTE,Australian Capital Territory,8,Australian Capital Territory,18.1487
80109,Woden Valley,801,Australian Capital Territory,8ACTE,Australian Capital Territory,8,Australian Capital Territory,28.6004
80110,Molonglo,801,Australian Capital Territory,8ACTE,Australian Capital Territory,8,Australian Capital Territory,27.1506
80111,Urriarra - Namadgi,801,Australian Capital Territory,8ACTE,Australian Capital Territory,8,Australian Capital Territory,1619.5054
89797,Migratory - Offshore - Shipping (ACT),897,Migratory - Offshore - Shipping (ACT),89799,Migratory - Offshore - Shipping (ACT),8,Australian Capital Territory,0
89999,No usual address (ACT),899,No usual address (ACT),89499,No usual address (ACT),8,Australian Capital Territory,0
90101,Christmas Island,901,Other Territories,9OTER,Other Territories,9,Other Territories,136.1356
90102,Cocos (Keeling) Islands,901,Other Territories,9OTER,Other Territories,9,Other Territories,13.7163
90103,Jervis Bay,901,Other Territories,9OTER,Other Territories,9,Other Territories,67.8134
90104,Norfolk Island,901,Other Territories,9OTER,Other Territories,9,Other Territories,38.6509
99797,Migratory - Offshore - Shipping (OT),997,Migratory - Offshore - Shipping (OT),99799,Migratory - Offshore - Shipping (OT),9,Other Territories,0
99999,No usual address (OT),999,No usual address (OT),99499,No usual address (OT),9,Other Territories,0
